{"cameraMode":{"drawMode":0,"name":"Shaded","section":"Shading Mode"},"sceneLighting":true,"audioPlay":false,"sceneViewState":{"m_AlwaysRefresh":false,"showFog":true,"showSkybox":true,"showFlares":true,"showImageEffects":true,"showParticleSystems":true,"showVisualEffectGraphs":true,"m_FxEnabled":true},"in2DMode":false,"pivot":{"x":767.989990234375,"y":1011.5348510742188,"z":37.42515563964844},"rotation":{"x":0.07726207375526428,"y":0.04336974769830704,"z":-0.003350877668708563,"w":0.9960958957672119},"size":766.8294677734375,"orthographic":false}